bytes,content-type,elapsed,endpoint,resource,status,entry-date,start-date,end-date
23836,text/plain; charset=utf-8,0.201,9b19cf37d8d634bf14819ec642cc8c9db0ffe2633dca57a990da1e4e7c7854d6,781ef38ab8a51f6a4a0e603d8ddf8c65a5c4f9e707db3fa25e31f0614b3eae9a,200,2021-01-12T00:51:50.324023,,
23836,text/plain; charset=utf-8,0.144,9b19cf37d8d634bf14819ec642cc8c9db0ffe2633dca57a990da1e4e7c7854d6,781ef38ab8a51f6a4a0e603d8ddf8c65a5c4f9e707db3fa25e31f0614b3eae9a,200,2021-01-13T00:58:09.977667,,
23836,text/plain; charset=utf-8,0.148,9b19cf37d8d634bf14819ec642cc8c9db0ffe2633dca57a990da1e4e7c7854d6,781ef38ab8a51f6a4a0e603d8ddf8c65a5c4f9e707db3fa25e31f0614b3eae9a,200,2021-01-14T01:06:28.153228,,
23836,text/plain; charset=utf-8,0.136,9b19cf37d8d634bf14819ec642cc8c9db0ffe2633dca57a990da1e4e7c7854d6,781ef38ab8a51f6a4a0e603d8ddf8c65a5c4f9e707db3fa25e31f0614b3eae9a,200,2021-01-15T01:02:25.964772,,
23836,text/plain; charset=utf-8,0.186,9b19cf37d8d634bf14819ec642cc8c9db0ffe2633dca57a990da1e4e7c7854d6,781ef38ab8a51f6a4a0e603d8ddf8c65a5c4f9e707db3fa25e31f0614b3eae9a,200,2021-01-16T01:04:44.429068,,
23836,text/plain; charset=utf-8,0.141,9b19cf37d8d634bf14819ec642cc8c9db0ffe2633dca57a990da1e4e7c7854d6,781ef38ab8a51f6a4a0e603d8ddf8c65a5c4f9e707db3fa25e31f0614b3eae9a,200,2021-01-17T01:03:17.124026,,
23836,text/plain; charset=utf-8,0.187,9b19cf37d8d634bf14819ec642cc8c9db0ffe2633dca57a990da1e4e7c7854d6,781ef38ab8a51f6a4a0e603d8ddf8c65a5c4f9e707db3fa25e31f0614b3eae9a,200,2021-01-18T01:01:48.907239,,
23836,text/plain; charset=utf-8,0.163,9b19cf37d8d634bf14819ec642cc8c9db0ffe2633dca57a990da1e4e7c7854d6,781ef38ab8a51f6a4a0e603d8ddf8c65a5c4f9e707db3fa25e31f0614b3eae9a,200,2021-01-19T01:04:42.946815,,
23836,text/plain; charset=utf-8,0.179,9b19cf37d8d634bf14819ec642cc8c9db0ffe2633dca57a990da1e4e7c7854d6,781ef38ab8a51f6a4a0e603d8ddf8c65a5c4f9e707db3fa25e31f0614b3eae9a,200,2021-01-20T01:06:13.556307,,
23836,text/plain; charset=utf-8,0.606,9b19cf37d8d634bf14819ec642cc8c9db0ffe2633dca57a990da1e4e7c7854d6,781ef38ab8a51f6a4a0e603d8ddf8c65a5c4f9e707db3fa25e31f0614b3eae9a,200,2021-01-21T01:05:56.297502,,
23836,text/plain; charset=utf-8,0.186,9b19cf37d8d634bf14819ec642cc8c9db0ffe2633dca57a990da1e4e7c7854d6,781ef38ab8a51f6a4a0e603d8ddf8c65a5c4f9e707db3fa25e31f0614b3eae9a,200,2021-01-22T01:04:12.150256,,
23836,text/plain; charset=utf-8,0.136,9b19cf37d8d634bf14819ec642cc8c9db0ffe2633dca57a990da1e4e7c7854d6,781ef38ab8a51f6a4a0e603d8ddf8c65a5c4f9e707db3fa25e31f0614b3eae9a,200,2021-01-23T01:04:24.231677,,
23836,text/plain; charset=utf-8,0.153,9b19cf37d8d634bf14819ec642cc8c9db0ffe2633dca57a990da1e4e7c7854d6,781ef38ab8a51f6a4a0e603d8ddf8c65a5c4f9e707db3fa25e31f0614b3eae9a,200,2021-01-24T01:04:23.733798,,
23836,text/plain; charset=utf-8,0.17,9b19cf37d8d634bf14819ec642cc8c9db0ffe2633dca57a990da1e4e7c7854d6,781ef38ab8a51f6a4a0e603d8ddf8c65a5c4f9e707db3fa25e31f0614b3eae9a,200,2021-01-25T01:04:16.416255,,
23836,text/plain; charset=utf-8,0.158,9b19cf37d8d634bf14819ec642cc8c9db0ffe2633dca57a990da1e4e7c7854d6,781ef38ab8a51f6a4a0e603d8ddf8c65a5c4f9e707db3fa25e31f0614b3eae9a,200,2021-01-26T00:33:36.681181,,
23836,text/plain; charset=utf-8,0.157,9b19cf37d8d634bf14819ec642cc8c9db0ffe2633dca57a990da1e4e7c7854d6,781ef38ab8a51f6a4a0e603d8ddf8c65a5c4f9e707db3fa25e31f0614b3eae9a,200,2021-01-27T00:31:51.658803,,
23836,text/plain; charset=utf-8,0.165,9b19cf37d8d634bf14819ec642cc8c9db0ffe2633dca57a990da1e4e7c7854d6,781ef38ab8a51f6a4a0e603d8ddf8c65a5c4f9e707db3fa25e31f0614b3eae9a,200,2021-01-28T00:33:56.826887,,
23836,text/plain; charset=utf-8,0.185,9b19cf37d8d634bf14819ec642cc8c9db0ffe2633dca57a990da1e4e7c7854d6,781ef38ab8a51f6a4a0e603d8ddf8c65a5c4f9e707db3fa25e31f0614b3eae9a,200,2021-01-29T00:31:51.204111,,
23836,text/plain; charset=utf-8,0.195,9b19cf37d8d634bf14819ec642cc8c9db0ffe2633dca57a990da1e4e7c7854d6,781ef38ab8a51f6a4a0e603d8ddf8c65a5c4f9e707db3fa25e31f0614b3eae9a,200,2021-01-30T00:32:25.769987,,
23836,text/plain; charset=utf-8,0.151,9b19cf37d8d634bf14819ec642cc8c9db0ffe2633dca57a990da1e4e7c7854d6,781ef38ab8a51f6a4a0e603d8ddf8c65a5c4f9e707db3fa25e31f0614b3eae9a,200,2021-01-31T00:34:13.198911,,
23836,text/plain; charset=utf-8,0.147,9b19cf37d8d634bf14819ec642cc8c9db0ffe2633dca57a990da1e4e7c7854d6,781ef38ab8a51f6a4a0e603d8ddf8c65a5c4f9e707db3fa25e31f0614b3eae9a,200,2021-02-01T00:34:48.088165,,
23836,text/plain; charset=utf-8,0.366,9b19cf37d8d634bf14819ec642cc8c9db0ffe2633dca57a990da1e4e7c7854d6,781ef38ab8a51f6a4a0e603d8ddf8c65a5c4f9e707db3fa25e31f0614b3eae9a,200,2021-02-02T00:33:04.062783,,
23836,text/plain; charset=utf-8,0.12,9b19cf37d8d634bf14819ec642cc8c9db0ffe2633dca57a990da1e4e7c7854d6,781ef38ab8a51f6a4a0e603d8ddf8c65a5c4f9e707db3fa25e31f0614b3eae9a,200,2021-02-03T00:28:24.082997,,
23836,text/plain; charset=utf-8,0.182,9b19cf37d8d634bf14819ec642cc8c9db0ffe2633dca57a990da1e4e7c7854d6,781ef38ab8a51f6a4a0e603d8ddf8c65a5c4f9e707db3fa25e31f0614b3eae9a,200,2021-02-04T00:26:06.750239,,
23836,text/plain; charset=utf-8,0.121,9b19cf37d8d634bf14819ec642cc8c9db0ffe2633dca57a990da1e4e7c7854d6,781ef38ab8a51f6a4a0e603d8ddf8c65a5c4f9e707db3fa25e31f0614b3eae9a,200,2021-02-05T00:26:35.377804,,
23836,text/plain; charset=utf-8,0.168,9b19cf37d8d634bf14819ec642cc8c9db0ffe2633dca57a990da1e4e7c7854d6,781ef38ab8a51f6a4a0e603d8ddf8c65a5c4f9e707db3fa25e31f0614b3eae9a,200,2021-02-06T00:26:02.755904,,
23836,text/plain; charset=utf-8,0.136,9b19cf37d8d634bf14819ec642cc8c9db0ffe2633dca57a990da1e4e7c7854d6,781ef38ab8a51f6a4a0e603d8ddf8c65a5c4f9e707db3fa25e31f0614b3eae9a,200,2021-02-07T00:27:21.512720,,
23836,text/plain; charset=utf-8,0.111,9b19cf37d8d634bf14819ec642cc8c9db0ffe2633dca57a990da1e4e7c7854d6,781ef38ab8a51f6a4a0e603d8ddf8c65a5c4f9e707db3fa25e31f0614b3eae9a,200,2021-02-08T00:26:22.664426,,
23836,text/plain; charset=utf-8,0.134,9b19cf37d8d634bf14819ec642cc8c9db0ffe2633dca57a990da1e4e7c7854d6,781ef38ab8a51f6a4a0e603d8ddf8c65a5c4f9e707db3fa25e31f0614b3eae9a,200,2021-02-09T00:26:20.214161,,
23836,text/plain; charset=utf-8,0.115,9b19cf37d8d634bf14819ec642cc8c9db0ffe2633dca57a990da1e4e7c7854d6,781ef38ab8a51f6a4a0e603d8ddf8c65a5c4f9e707db3fa25e31f0614b3eae9a,200,2021-02-10T00:26:12.891964,,
23836,text/plain; charset=utf-8,0.115,9b19cf37d8d634bf14819ec642cc8c9db0ffe2633dca57a990da1e4e7c7854d6,781ef38ab8a51f6a4a0e603d8ddf8c65a5c4f9e707db3fa25e31f0614b3eae9a,200,2021-02-11T00:26:29.818028,,
23836,text/plain; charset=utf-8,0.118,9b19cf37d8d634bf14819ec642cc8c9db0ffe2633dca57a990da1e4e7c7854d6,781ef38ab8a51f6a4a0e603d8ddf8c65a5c4f9e707db3fa25e31f0614b3eae9a,200,2021-02-12T00:26:33.819911,,
23836,text/plain; charset=utf-8,0.125,9b19cf37d8d634bf14819ec642cc8c9db0ffe2633dca57a990da1e4e7c7854d6,781ef38ab8a51f6a4a0e603d8ddf8c65a5c4f9e707db3fa25e31f0614b3eae9a,200,2021-02-13T00:26:26.025041,,
23836,text/plain; charset=utf-8,0.122,9b19cf37d8d634bf14819ec642cc8c9db0ffe2633dca57a990da1e4e7c7854d6,781ef38ab8a51f6a4a0e603d8ddf8c65a5c4f9e707db3fa25e31f0614b3eae9a,200,2021-02-14T00:27:48.570155,,
23836,text/plain; charset=utf-8,0.12,9b19cf37d8d634bf14819ec642cc8c9db0ffe2633dca57a990da1e4e7c7854d6,781ef38ab8a51f6a4a0e603d8ddf8c65a5c4f9e707db3fa25e31f0614b3eae9a,200,2021-02-15T00:26:51.591705,,
23836,text/plain; charset=utf-8,0.125,9b19cf37d8d634bf14819ec642cc8c9db0ffe2633dca57a990da1e4e7c7854d6,781ef38ab8a51f6a4a0e603d8ddf8c65a5c4f9e707db3fa25e31f0614b3eae9a,200,2021-02-16T00:26:59.680576,,
23836,text/plain; charset=utf-8,0.125,9b19cf37d8d634bf14819ec642cc8c9db0ffe2633dca57a990da1e4e7c7854d6,781ef38ab8a51f6a4a0e603d8ddf8c65a5c4f9e707db3fa25e31f0614b3eae9a,200,2021-02-17T00:26:57.123785,,
23836,text/plain; charset=utf-8,0.121,9b19cf37d8d634bf14819ec642cc8c9db0ffe2633dca57a990da1e4e7c7854d6,781ef38ab8a51f6a4a0e603d8ddf8c65a5c4f9e707db3fa25e31f0614b3eae9a,200,2021-02-18T00:27:19.220809,,
23836,text/plain; charset=utf-8,0.259,9b19cf37d8d634bf14819ec642cc8c9db0ffe2633dca57a990da1e4e7c7854d6,781ef38ab8a51f6a4a0e603d8ddf8c65a5c4f9e707db3fa25e31f0614b3eae9a,200,2021-02-19T00:27:04.507150,,
23836,text/plain; charset=utf-8,0.127,9b19cf37d8d634bf14819ec642cc8c9db0ffe2633dca57a990da1e4e7c7854d6,781ef38ab8a51f6a4a0e603d8ddf8c65a5c4f9e707db3fa25e31f0614b3eae9a,200,2021-02-20T00:26:49.826787,,
23836,text/plain; charset=utf-8,0.116,9b19cf37d8d634bf14819ec642cc8c9db0ffe2633dca57a990da1e4e7c7854d6,781ef38ab8a51f6a4a0e603d8ddf8c65a5c4f9e707db3fa25e31f0614b3eae9a,200,2021-02-21T00:28:30.705620,,
23836,text/plain; charset=utf-8,0.135,9b19cf37d8d634bf14819ec642cc8c9db0ffe2633dca57a990da1e4e7c7854d6,781ef38ab8a51f6a4a0e603d8ddf8c65a5c4f9e707db3fa25e31f0614b3eae9a,200,2021-02-22T00:27:39.978356,,
23836,text/plain; charset=utf-8,0.127,9b19cf37d8d634bf14819ec642cc8c9db0ffe2633dca57a990da1e4e7c7854d6,781ef38ab8a51f6a4a0e603d8ddf8c65a5c4f9e707db3fa25e31f0614b3eae9a,200,2021-02-23T00:27:14.908893,,
23836,text/plain; charset=utf-8,0.143,9b19cf37d8d634bf14819ec642cc8c9db0ffe2633dca57a990da1e4e7c7854d6,781ef38ab8a51f6a4a0e603d8ddf8c65a5c4f9e707db3fa25e31f0614b3eae9a,200,2021-02-24T00:27:33.089776,,
23836,text/plain; charset=utf-8,0.109,9b19cf37d8d634bf14819ec642cc8c9db0ffe2633dca57a990da1e4e7c7854d6,781ef38ab8a51f6a4a0e603d8ddf8c65a5c4f9e707db3fa25e31f0614b3eae9a,200,2021-02-25T00:27:17.530071,,
23836,text/plain; charset=utf-8,0.144,9b19cf37d8d634bf14819ec642cc8c9db0ffe2633dca57a990da1e4e7c7854d6,781ef38ab8a51f6a4a0e603d8ddf8c65a5c4f9e707db3fa25e31f0614b3eae9a,200,2021-02-26T00:27:31.727227,,
23836,text/plain; charset=utf-8,0.13,9b19cf37d8d634bf14819ec642cc8c9db0ffe2633dca57a990da1e4e7c7854d6,781ef38ab8a51f6a4a0e603d8ddf8c65a5c4f9e707db3fa25e31f0614b3eae9a,200,2021-02-27T00:27:45.583713,,
23836,text/plain; charset=utf-8,0.188,9b19cf37d8d634bf14819ec642cc8c9db0ffe2633dca57a990da1e4e7c7854d6,781ef38ab8a51f6a4a0e603d8ddf8c65a5c4f9e707db3fa25e31f0614b3eae9a,200,2021-02-28T00:29:24.677358,,
23836,text/plain; charset=utf-8,0.113,9b19cf37d8d634bf14819ec642cc8c9db0ffe2633dca57a990da1e4e7c7854d6,781ef38ab8a51f6a4a0e603d8ddf8c65a5c4f9e707db3fa25e31f0614b3eae9a,200,2021-03-01T00:29:40.490300,,
23836,text/plain; charset=utf-8,0.126,9b19cf37d8d634bf14819ec642cc8c9db0ffe2633dca57a990da1e4e7c7854d6,781ef38ab8a51f6a4a0e603d8ddf8c65a5c4f9e707db3fa25e31f0614b3eae9a,200,2021-03-02T00:23:29.979779,,
23836,text/plain; charset=utf-8,0.158,9b19cf37d8d634bf14819ec642cc8c9db0ffe2633dca57a990da1e4e7c7854d6,781ef38ab8a51f6a4a0e603d8ddf8c65a5c4f9e707db3fa25e31f0614b3eae9a,200,2021-03-03T00:27:47.708590,,
23836,text/plain; charset=utf-8,0.125,9b19cf37d8d634bf14819ec642cc8c9db0ffe2633dca57a990da1e4e7c7854d6,781ef38ab8a51f6a4a0e603d8ddf8c65a5c4f9e707db3fa25e31f0614b3eae9a,200,2021-03-04T00:27:45.234735,,
23836,text/plain; charset=utf-8,0.179,9b19cf37d8d634bf14819ec642cc8c9db0ffe2633dca57a990da1e4e7c7854d6,781ef38ab8a51f6a4a0e603d8ddf8c65a5c4f9e707db3fa25e31f0614b3eae9a,200,2021-03-05T00:28:27.927892,,
23836,text/plain; charset=utf-8,0.147,9b19cf37d8d634bf14819ec642cc8c9db0ffe2633dca57a990da1e4e7c7854d6,781ef38ab8a51f6a4a0e603d8ddf8c65a5c4f9e707db3fa25e31f0614b3eae9a,200,2021-03-06T00:28:09.645601,,
23836,text/plain; charset=utf-8,0.168,9b19cf37d8d634bf14819ec642cc8c9db0ffe2633dca57a990da1e4e7c7854d6,781ef38ab8a51f6a4a0e603d8ddf8c65a5c4f9e707db3fa25e31f0614b3eae9a,200,2021-03-07T00:30:06.001943,,
23836,text/plain; charset=utf-8,0.127,9b19cf37d8d634bf14819ec642cc8c9db0ffe2633dca57a990da1e4e7c7854d6,781ef38ab8a51f6a4a0e603d8ddf8c65a5c4f9e707db3fa25e31f0614b3eae9a,200,2021-03-08T00:28:59.360606,,
23836,text/plain; charset=utf-8,0.139,9b19cf37d8d634bf14819ec642cc8c9db0ffe2633dca57a990da1e4e7c7854d6,781ef38ab8a51f6a4a0e603d8ddf8c65a5c4f9e707db3fa25e31f0614b3eae9a,200,2021-03-09T00:28:43.507316,,
23836,text/plain; charset=utf-8,0.134,9b19cf37d8d634bf14819ec642cc8c9db0ffe2633dca57a990da1e4e7c7854d6,781ef38ab8a51f6a4a0e603d8ddf8c65a5c4f9e707db3fa25e31f0614b3eae9a,200,2021-03-10T00:28:34.855355,,
23836,text/plain; charset=utf-8,0.179,9b19cf37d8d634bf14819ec642cc8c9db0ffe2633dca57a990da1e4e7c7854d6,781ef38ab8a51f6a4a0e603d8ddf8c65a5c4f9e707db3fa25e31f0614b3eae9a,200,2021-03-11T00:29:24.215020,,
23836,text/plain; charset=utf-8,0.121,9b19cf37d8d634bf14819ec642cc8c9db0ffe2633dca57a990da1e4e7c7854d6,781ef38ab8a51f6a4a0e603d8ddf8c65a5c4f9e707db3fa25e31f0614b3eae9a,200,2021-03-12T00:29:36.113228,,
23836,text/plain; charset=utf-8,0.132,9b19cf37d8d634bf14819ec642cc8c9db0ffe2633dca57a990da1e4e7c7854d6,781ef38ab8a51f6a4a0e603d8ddf8c65a5c4f9e707db3fa25e31f0614b3eae9a,200,2021-03-13T00:29:47.723711,,
23836,text/plain; charset=utf-8,0.134,9b19cf37d8d634bf14819ec642cc8c9db0ffe2633dca57a990da1e4e7c7854d6,781ef38ab8a51f6a4a0e603d8ddf8c65a5c4f9e707db3fa25e31f0614b3eae9a,200,2021-03-14T00:31:15.026329,,
23836,text/plain; charset=utf-8,0.125,9b19cf37d8d634bf14819ec642cc8c9db0ffe2633dca57a990da1e4e7c7854d6,781ef38ab8a51f6a4a0e603d8ddf8c65a5c4f9e707db3fa25e31f0614b3eae9a,200,2021-03-15T00:30:18.043074,,
23836,text/plain; charset=utf-8,0.174,9b19cf37d8d634bf14819ec642cc8c9db0ffe2633dca57a990da1e4e7c7854d6,781ef38ab8a51f6a4a0e603d8ddf8c65a5c4f9e707db3fa25e31f0614b3eae9a,200,2021-03-16T00:29:34.670615,,
23836,text/plain; charset=utf-8,0.136,9b19cf37d8d634bf14819ec642cc8c9db0ffe2633dca57a990da1e4e7c7854d6,781ef38ab8a51f6a4a0e603d8ddf8c65a5c4f9e707db3fa25e31f0614b3eae9a,200,2021-03-17T00:30:17.119812,,
23836,text/plain; charset=utf-8,0.125,9b19cf37d8d634bf14819ec642cc8c9db0ffe2633dca57a990da1e4e7c7854d6,781ef38ab8a51f6a4a0e603d8ddf8c65a5c4f9e707db3fa25e31f0614b3eae9a,200,2021-03-18T00:30:14.830780,,
23836,text/plain; charset=utf-8,0.247,9b19cf37d8d634bf14819ec642cc8c9db0ffe2633dca57a990da1e4e7c7854d6,781ef38ab8a51f6a4a0e603d8ddf8c65a5c4f9e707db3fa25e31f0614b3eae9a,200,2021-03-19T00:31:05.114446,,
23836,text/plain; charset=utf-8,0.152,9b19cf37d8d634bf14819ec642cc8c9db0ffe2633dca57a990da1e4e7c7854d6,781ef38ab8a51f6a4a0e603d8ddf8c65a5c4f9e707db3fa25e31f0614b3eae9a,200,2021-03-20T00:29:58.342854,,
23836,text/plain; charset=utf-8,0.15,9b19cf37d8d634bf14819ec642cc8c9db0ffe2633dca57a990da1e4e7c7854d6,781ef38ab8a51f6a4a0e603d8ddf8c65a5c4f9e707db3fa25e31f0614b3eae9a,200,2021-03-21T00:32:19.074597,,
23836,text/plain; charset=utf-8,0.122,9b19cf37d8d634bf14819ec642cc8c9db0ffe2633dca57a990da1e4e7c7854d6,781ef38ab8a51f6a4a0e603d8ddf8c65a5c4f9e707db3fa25e31f0614b3eae9a,200,2021-03-22T00:35:59.416636,,
23836,text/plain; charset=utf-8,0.121,9b19cf37d8d634bf14819ec642cc8c9db0ffe2633dca57a990da1e4e7c7854d6,781ef38ab8a51f6a4a0e603d8ddf8c65a5c4f9e707db3fa25e31f0614b3eae9a,200,2021-03-23T00:30:43.916641,,
23836,text/plain; charset=utf-8,0.129,9b19cf37d8d634bf14819ec642cc8c9db0ffe2633dca57a990da1e4e7c7854d6,781ef38ab8a51f6a4a0e603d8ddf8c65a5c4f9e707db3fa25e31f0614b3eae9a,200,2021-03-24T00:31:06.363927,,
23836,text/plain; charset=utf-8,0.145,9b19cf37d8d634bf14819ec642cc8c9db0ffe2633dca57a990da1e4e7c7854d6,781ef38ab8a51f6a4a0e603d8ddf8c65a5c4f9e707db3fa25e31f0614b3eae9a,200,2021-03-25T00:14:36.591656,,
23836,text/plain; charset=utf-8,0.307,9b19cf37d8d634bf14819ec642cc8c9db0ffe2633dca57a990da1e4e7c7854d6,781ef38ab8a51f6a4a0e603d8ddf8c65a5c4f9e707db3fa25e31f0614b3eae9a,200,2021-03-26T00:14:10.465538,,
23836,text/plain; charset=utf-8,0.145,9b19cf37d8d634bf14819ec642cc8c9db0ffe2633dca57a990da1e4e7c7854d6,781ef38ab8a51f6a4a0e603d8ddf8c65a5c4f9e707db3fa25e31f0614b3eae9a,200,2021-03-27T00:12:13.615633,,
23836,text/plain; charset=utf-8,0.118,9b19cf37d8d634bf14819ec642cc8c9db0ffe2633dca57a990da1e4e7c7854d6,781ef38ab8a51f6a4a0e603d8ddf8c65a5c4f9e707db3fa25e31f0614b3eae9a,200,2021-03-28T00:12:51.516973,,
23836,text/plain; charset=utf-8,0.149,9b19cf37d8d634bf14819ec642cc8c9db0ffe2633dca57a990da1e4e7c7854d6,781ef38ab8a51f6a4a0e603d8ddf8c65a5c4f9e707db3fa25e31f0614b3eae9a,200,2021-03-29T00:13:00.824039,,
23836,text/plain; charset=utf-8,0.121,9b19cf37d8d634bf14819ec642cc8c9db0ffe2633dca57a990da1e4e7c7854d6,781ef38ab8a51f6a4a0e603d8ddf8c65a5c4f9e707db3fa25e31f0614b3eae9a,200,2021-03-30T00:12:21.927398,,
23836,text/plain; charset=utf-8,0.157,9b19cf37d8d634bf14819ec642cc8c9db0ffe2633dca57a990da1e4e7c7854d6,781ef38ab8a51f6a4a0e603d8ddf8c65a5c4f9e707db3fa25e31f0614b3eae9a,200,2021-03-31T00:10:39.253207,,
23836,text/plain; charset=utf-8,0.151,9b19cf37d8d634bf14819ec642cc8c9db0ffe2633dca57a990da1e4e7c7854d6,781ef38ab8a51f6a4a0e603d8ddf8c65a5c4f9e707db3fa25e31f0614b3eae9a,200,2021-04-01T00:13:19.937104,,
23836,text/plain; charset=utf-8,0.15,9b19cf37d8d634bf14819ec642cc8c9db0ffe2633dca57a990da1e4e7c7854d6,781ef38ab8a51f6a4a0e603d8ddf8c65a5c4f9e707db3fa25e31f0614b3eae9a,200,2021-04-02T00:19:16.615624,,
23836,text/plain; charset=utf-8,0.198,9b19cf37d8d634bf14819ec642cc8c9db0ffe2633dca57a990da1e4e7c7854d6,781ef38ab8a51f6a4a0e603d8ddf8c65a5c4f9e707db3fa25e31f0614b3eae9a,200,2021-04-03T00:12:44.754927,,
23836,text/plain; charset=utf-8,0.149,9b19cf37d8d634bf14819ec642cc8c9db0ffe2633dca57a990da1e4e7c7854d6,781ef38ab8a51f6a4a0e603d8ddf8c65a5c4f9e707db3fa25e31f0614b3eae9a,200,2021-04-04T00:18:27.586309,,
23836,text/plain; charset=utf-8,0.122,9b19cf37d8d634bf14819ec642cc8c9db0ffe2633dca57a990da1e4e7c7854d6,781ef38ab8a51f6a4a0e603d8ddf8c65a5c4f9e707db3fa25e31f0614b3eae9a,200,2021-04-05T00:13:56.226925,,
23836,text/plain; charset=utf-8,0.122,9b19cf37d8d634bf14819ec642cc8c9db0ffe2633dca57a990da1e4e7c7854d6,781ef38ab8a51f6a4a0e603d8ddf8c65a5c4f9e707db3fa25e31f0614b3eae9a,200,2021-04-06T00:13:28.474298,,
23836,text/plain; charset=utf-8,0.138,9b19cf37d8d634bf14819ec642cc8c9db0ffe2633dca57a990da1e4e7c7854d6,781ef38ab8a51f6a4a0e603d8ddf8c65a5c4f9e707db3fa25e31f0614b3eae9a,200,2021-04-07T00:12:49.517882,,
23836,text/plain; charset=utf-8,1.01,9b19cf37d8d634bf14819ec642cc8c9db0ffe2633dca57a990da1e4e7c7854d6,781ef38ab8a51f6a4a0e603d8ddf8c65a5c4f9e707db3fa25e31f0614b3eae9a,200,2021-04-08T00:15:02.704239,,
23836,text/plain; charset=utf-8,0.112,9b19cf37d8d634bf14819ec642cc8c9db0ffe2633dca57a990da1e4e7c7854d6,781ef38ab8a51f6a4a0e603d8ddf8c65a5c4f9e707db3fa25e31f0614b3eae9a,200,2021-04-09T00:13:12.252122,,
23836,text/plain; charset=utf-8,0.121,9b19cf37d8d634bf14819ec642cc8c9db0ffe2633dca57a990da1e4e7c7854d6,781ef38ab8a51f6a4a0e603d8ddf8c65a5c4f9e707db3fa25e31f0614b3eae9a,200,2021-04-10T00:13:38.709043,,
23836,text/plain; charset=utf-8,0.123,9b19cf37d8d634bf14819ec642cc8c9db0ffe2633dca57a990da1e4e7c7854d6,781ef38ab8a51f6a4a0e603d8ddf8c65a5c4f9e707db3fa25e31f0614b3eae9a,200,2021-04-11T00:14:20.353035,,
23836,text/plain; charset=utf-8,0.124,9b19cf37d8d634bf14819ec642cc8c9db0ffe2633dca57a990da1e4e7c7854d6,781ef38ab8a51f6a4a0e603d8ddf8c65a5c4f9e707db3fa25e31f0614b3eae9a,200,2021-04-12T00:13:57.913866,,
23836,text/plain; charset=utf-8,0.143,9b19cf37d8d634bf14819ec642cc8c9db0ffe2633dca57a990da1e4e7c7854d6,781ef38ab8a51f6a4a0e603d8ddf8c65a5c4f9e707db3fa25e31f0614b3eae9a,200,2021-04-13T00:14:10.674486,,
23836,text/plain; charset=utf-8,0.128,9b19cf37d8d634bf14819ec642cc8c9db0ffe2633dca57a990da1e4e7c7854d6,781ef38ab8a51f6a4a0e603d8ddf8c65a5c4f9e707db3fa25e31f0614b3eae9a,200,2021-04-14T00:11:45.749460,,
23836,text/plain; charset=utf-8,0.156,9b19cf37d8d634bf14819ec642cc8c9db0ffe2633dca57a990da1e4e7c7854d6,781ef38ab8a51f6a4a0e603d8ddf8c65a5c4f9e707db3fa25e31f0614b3eae9a,200,2021-04-15T00:13:00.852929,,
23836,text/plain; charset=utf-8,0.132,9b19cf37d8d634bf14819ec642cc8c9db0ffe2633dca57a990da1e4e7c7854d6,781ef38ab8a51f6a4a0e603d8ddf8c65a5c4f9e707db3fa25e31f0614b3eae9a,200,2021-04-16T00:11:38.590520,,
23836,text/plain; charset=utf-8,0.135,9b19cf37d8d634bf14819ec642cc8c9db0ffe2633dca57a990da1e4e7c7854d6,781ef38ab8a51f6a4a0e603d8ddf8c65a5c4f9e707db3fa25e31f0614b3eae9a,200,2021-04-17T00:12:40.450204,,
23836,text/plain; charset=utf-8,0.116,9b19cf37d8d634bf14819ec642cc8c9db0ffe2633dca57a990da1e4e7c7854d6,781ef38ab8a51f6a4a0e603d8ddf8c65a5c4f9e707db3fa25e31f0614b3eae9a,200,2021-04-18T00:12:57.891876,,
23836,text/plain; charset=utf-8,0.225,9b19cf37d8d634bf14819ec642cc8c9db0ffe2633dca57a990da1e4e7c7854d6,781ef38ab8a51f6a4a0e603d8ddf8c65a5c4f9e707db3fa25e31f0614b3eae9a,200,2021-04-19T00:12:47.666591,,
23836,text/plain; charset=utf-8,0.13,9b19cf37d8d634bf14819ec642cc8c9db0ffe2633dca57a990da1e4e7c7854d6,781ef38ab8a51f6a4a0e603d8ddf8c65a5c4f9e707db3fa25e31f0614b3eae9a,200,2021-04-20T00:13:05.410866,,
23836,text/plain; charset=utf-8,0.147,9b19cf37d8d634bf14819ec642cc8c9db0ffe2633dca57a990da1e4e7c7854d6,781ef38ab8a51f6a4a0e603d8ddf8c65a5c4f9e707db3fa25e31f0614b3eae9a,200,2021-04-21T00:12:55.811413,,
23836,text/plain; charset=utf-8,0.25,9b19cf37d8d634bf14819ec642cc8c9db0ffe2633dca57a990da1e4e7c7854d6,781ef38ab8a51f6a4a0e603d8ddf8c65a5c4f9e707db3fa25e31f0614b3eae9a,200,2021-04-22T00:13:36.638834,,
23836,text/plain; charset=utf-8,0.229,9b19cf37d8d634bf14819ec642cc8c9db0ffe2633dca57a990da1e4e7c7854d6,781ef38ab8a51f6a4a0e603d8ddf8c65a5c4f9e707db3fa25e31f0614b3eae9a,200,2021-04-23T00:12:54.747305,,
23836,text/plain; charset=utf-8,0.121,9b19cf37d8d634bf14819ec642cc8c9db0ffe2633dca57a990da1e4e7c7854d6,781ef38ab8a51f6a4a0e603d8ddf8c65a5c4f9e707db3fa25e31f0614b3eae9a,200,2021-04-24T00:13:30.785840,,
23836,text/plain; charset=utf-8,0.145,9b19cf37d8d634bf14819ec642cc8c9db0ffe2633dca57a990da1e4e7c7854d6,781ef38ab8a51f6a4a0e603d8ddf8c65a5c4f9e707db3fa25e31f0614b3eae9a,200,2021-04-25T00:13:34.159311,,
23836,text/plain; charset=utf-8,0.244,9b19cf37d8d634bf14819ec642cc8c9db0ffe2633dca57a990da1e4e7c7854d6,781ef38ab8a51f6a4a0e603d8ddf8c65a5c4f9e707db3fa25e31f0614b3eae9a,200,2021-04-26T00:14:05.774209,,
23836,text/plain; charset=utf-8,0.139,9b19cf37d8d634bf14819ec642cc8c9db0ffe2633dca57a990da1e4e7c7854d6,781ef38ab8a51f6a4a0e603d8ddf8c65a5c4f9e707db3fa25e31f0614b3eae9a,200,2021-04-27T00:12:23.262176,,
23836,text/plain; charset=utf-8,0.159,9b19cf37d8d634bf14819ec642cc8c9db0ffe2633dca57a990da1e4e7c7854d6,781ef38ab8a51f6a4a0e603d8ddf8c65a5c4f9e707db3fa25e31f0614b3eae9a,200,2021-04-28T00:12:54.478510,,
23836,text/plain; charset=utf-8,0.156,9b19cf37d8d634bf14819ec642cc8c9db0ffe2633dca57a990da1e4e7c7854d6,781ef38ab8a51f6a4a0e603d8ddf8c65a5c4f9e707db3fa25e31f0614b3eae9a,200,2021-04-29T00:12:49.904858,,
23836,text/plain; charset=utf-8,0.157,9b19cf37d8d634bf14819ec642cc8c9db0ffe2633dca57a990da1e4e7c7854d6,781ef38ab8a51f6a4a0e603d8ddf8c65a5c4f9e707db3fa25e31f0614b3eae9a,200,2021-04-30T00:07:26.783432,,
23836,text/plain; charset=utf-8,0.138,9b19cf37d8d634bf14819ec642cc8c9db0ffe2633dca57a990da1e4e7c7854d6,781ef38ab8a51f6a4a0e603d8ddf8c65a5c4f9e707db3fa25e31f0614b3eae9a,200,2021-05-01T00:07:49.873264,,
23836,text/plain; charset=utf-8,0.158,9b19cf37d8d634bf14819ec642cc8c9db0ffe2633dca57a990da1e4e7c7854d6,781ef38ab8a51f6a4a0e603d8ddf8c65a5c4f9e707db3fa25e31f0614b3eae9a,200,2021-05-02T00:09:43.666717,,
23836,text/plain; charset=utf-8,0.201,9b19cf37d8d634bf14819ec642cc8c9db0ffe2633dca57a990da1e4e7c7854d6,781ef38ab8a51f6a4a0e603d8ddf8c65a5c4f9e707db3fa25e31f0614b3eae9a,200,2021-05-03T00:09:10.328952,,
23836,text/plain; charset=utf-8,0.162,9b19cf37d8d634bf14819ec642cc8c9db0ffe2633dca57a990da1e4e7c7854d6,781ef38ab8a51f6a4a0e603d8ddf8c65a5c4f9e707db3fa25e31f0614b3eae9a,200,2021-05-04T00:05:42.419402,,
23836,text/plain; charset=utf-8,0.175,9b19cf37d8d634bf14819ec642cc8c9db0ffe2633dca57a990da1e4e7c7854d6,781ef38ab8a51f6a4a0e603d8ddf8c65a5c4f9e707db3fa25e31f0614b3eae9a,200,2021-05-05T00:34:29.634849,,
23836,text/plain; charset=utf-8,0.128,9b19cf37d8d634bf14819ec642cc8c9db0ffe2633dca57a990da1e4e7c7854d6,781ef38ab8a51f6a4a0e603d8ddf8c65a5c4f9e707db3fa25e31f0614b3eae9a,200,2021-05-06T00:33:38.371781,,
23836,text/plain; charset=utf-8,0.188,9b19cf37d8d634bf14819ec642cc8c9db0ffe2633dca57a990da1e4e7c7854d6,781ef38ab8a51f6a4a0e603d8ddf8c65a5c4f9e707db3fa25e31f0614b3eae9a,200,2021-05-07T00:35:08.006533,,
23836,text/plain; charset=utf-8,0.233,9b19cf37d8d634bf14819ec642cc8c9db0ffe2633dca57a990da1e4e7c7854d6,781ef38ab8a51f6a4a0e603d8ddf8c65a5c4f9e707db3fa25e31f0614b3eae9a,200,2021-05-08T00:35:35.495761,,
23836,text/plain; charset=utf-8,0.135,9b19cf37d8d634bf14819ec642cc8c9db0ffe2633dca57a990da1e4e7c7854d6,781ef38ab8a51f6a4a0e603d8ddf8c65a5c4f9e707db3fa25e31f0614b3eae9a,200,2021-05-09T00:38:10.310795,,
23836,text/plain; charset=utf-8,0.115,9b19cf37d8d634bf14819ec642cc8c9db0ffe2633dca57a990da1e4e7c7854d6,781ef38ab8a51f6a4a0e603d8ddf8c65a5c4f9e707db3fa25e31f0614b3eae9a,200,2021-05-10T00:36:49.216598,,
23836,text/plain; charset=utf-8,0.36,9b19cf37d8d634bf14819ec642cc8c9db0ffe2633dca57a990da1e4e7c7854d6,781ef38ab8a51f6a4a0e603d8ddf8c65a5c4f9e707db3fa25e31f0614b3eae9a,200,2021-05-11T10:40:02.342221,,
23836,text/plain; charset=utf-8,0.123,9b19cf37d8d634bf14819ec642cc8c9db0ffe2633dca57a990da1e4e7c7854d6,781ef38ab8a51f6a4a0e603d8ddf8c65a5c4f9e707db3fa25e31f0614b3eae9a,200,2021-05-12T00:38:10.680803,,
23836,text/plain; charset=utf-8,0.142,9b19cf37d8d634bf14819ec642cc8c9db0ffe2633dca57a990da1e4e7c7854d6,781ef38ab8a51f6a4a0e603d8ddf8c65a5c4f9e707db3fa25e31f0614b3eae9a,200,2021-05-13T00:45:25.421701,,
23836,text/plain; charset=utf-8,0.179,9b19cf37d8d634bf14819ec642cc8c9db0ffe2633dca57a990da1e4e7c7854d6,781ef38ab8a51f6a4a0e603d8ddf8c65a5c4f9e707db3fa25e31f0614b3eae9a,200,2021-05-14T00:47:19.535719,,
23836,text/plain; charset=utf-8,0.266,9b19cf37d8d634bf14819ec642cc8c9db0ffe2633dca57a990da1e4e7c7854d6,781ef38ab8a51f6a4a0e603d8ddf8c65a5c4f9e707db3fa25e31f0614b3eae9a,200,2021-05-15T00:45:00.473761,,
23836,text/plain; charset=utf-8,0.688,9b19cf37d8d634bf14819ec642cc8c9db0ffe2633dca57a990da1e4e7c7854d6,781ef38ab8a51f6a4a0e603d8ddf8c65a5c4f9e707db3fa25e31f0614b3eae9a,200,2021-05-16T00:49:23.190721,,
23836,text/plain; charset=utf-8,0.136,9b19cf37d8d634bf14819ec642cc8c9db0ffe2633dca57a990da1e4e7c7854d6,781ef38ab8a51f6a4a0e603d8ddf8c65a5c4f9e707db3fa25e31f0614b3eae9a,200,2021-05-17T00:45:06.054438,,
23836,text/plain; charset=utf-8,0.137,9b19cf37d8d634bf14819ec642cc8c9db0ffe2633dca57a990da1e4e7c7854d6,781ef38ab8a51f6a4a0e603d8ddf8c65a5c4f9e707db3fa25e31f0614b3eae9a,200,2021-05-18T00:48:49.299665,,
23836,text/plain; charset=utf-8,0.147,9b19cf37d8d634bf14819ec642cc8c9db0ffe2633dca57a990da1e4e7c7854d6,781ef38ab8a51f6a4a0e603d8ddf8c65a5c4f9e707db3fa25e31f0614b3eae9a,200,2021-05-19T00:44:47.536326,,
23836,text/plain; charset=utf-8,0.13,9b19cf37d8d634bf14819ec642cc8c9db0ffe2633dca57a990da1e4e7c7854d6,781ef38ab8a51f6a4a0e603d8ddf8c65a5c4f9e707db3fa25e31f0614b3eae9a,200,2021-05-20T00:41:10.093869,,
23836,text/plain; charset=utf-8,0.21,9b19cf37d8d634bf14819ec642cc8c9db0ffe2633dca57a990da1e4e7c7854d6,781ef38ab8a51f6a4a0e603d8ddf8c65a5c4f9e707db3fa25e31f0614b3eae9a,200,2021-05-21T00:46:06.668685,,
23836,text/plain; charset=utf-8,0.135,9b19cf37d8d634bf14819ec642cc8c9db0ffe2633dca57a990da1e4e7c7854d6,781ef38ab8a51f6a4a0e603d8ddf8c65a5c4f9e707db3fa25e31f0614b3eae9a,200,2021-05-22T00:45:18.941767,,
23836,text/plain; charset=utf-8,0.131,9b19cf37d8d634bf14819ec642cc8c9db0ffe2633dca57a990da1e4e7c7854d6,781ef38ab8a51f6a4a0e603d8ddf8c65a5c4f9e707db3fa25e31f0614b3eae9a,200,2021-05-23T00:51:41.464354,,
23836,text/plain; charset=utf-8,0.139,9b19cf37d8d634bf14819ec642cc8c9db0ffe2633dca57a990da1e4e7c7854d6,781ef38ab8a51f6a4a0e603d8ddf8c65a5c4f9e707db3fa25e31f0614b3eae9a,200,2021-05-24T00:48:46.366157,,
23836,text/plain; charset=utf-8,0.147,9b19cf37d8d634bf14819ec642cc8c9db0ffe2633dca57a990da1e4e7c7854d6,781ef38ab8a51f6a4a0e603d8ddf8c65a5c4f9e707db3fa25e31f0614b3eae9a,200,2021-05-25T00:48:06.057780,,
23836,text/plain; charset=utf-8,0.221,9b19cf37d8d634bf14819ec642cc8c9db0ffe2633dca57a990da1e4e7c7854d6,781ef38ab8a51f6a4a0e603d8ddf8c65a5c4f9e707db3fa25e31f0614b3eae9a,200,2021-05-26T00:58:07.159984,,
23836,text/plain; charset=utf-8,0.358,9b19cf37d8d634bf14819ec642cc8c9db0ffe2633dca57a990da1e4e7c7854d6,781ef38ab8a51f6a4a0e603d8ddf8c65a5c4f9e707db3fa25e31f0614b3eae9a,200,2021-05-27T01:01:36.171353,,
23836,text/plain; charset=utf-8,0.144,9b19cf37d8d634bf14819ec642cc8c9db0ffe2633dca57a990da1e4e7c7854d6,781ef38ab8a51f6a4a0e603d8ddf8c65a5c4f9e707db3fa25e31f0614b3eae9a,200,2021-05-28T01:08:20.477839,,
23836,text/plain; charset=utf-8,0.139,9b19cf37d8d634bf14819ec642cc8c9db0ffe2633dca57a990da1e4e7c7854d6,781ef38ab8a51f6a4a0e603d8ddf8c65a5c4f9e707db3fa25e31f0614b3eae9a,200,2021-05-29T01:20:38.609490,,
23836,text/plain; charset=utf-8,0.222,9b19cf37d8d634bf14819ec642cc8c9db0ffe2633dca57a990da1e4e7c7854d6,781ef38ab8a51f6a4a0e603d8ddf8c65a5c4f9e707db3fa25e31f0614b3eae9a,200,2021-05-30T01:29:48.286690,,
23836,text/plain; charset=utf-8,0.127,9b19cf37d8d634bf14819ec642cc8c9db0ffe2633dca57a990da1e4e7c7854d6,781ef38ab8a51f6a4a0e603d8ddf8c65a5c4f9e707db3fa25e31f0614b3eae9a,200,2021-05-31T01:42:11.494446,,
23836,text/plain; charset=utf-8,0.172,9b19cf37d8d634bf14819ec642cc8c9db0ffe2633dca57a990da1e4e7c7854d6,781ef38ab8a51f6a4a0e603d8ddf8c65a5c4f9e707db3fa25e31f0614b3eae9a,200,2021-06-01T02:00:35.280278,,
23836,text/plain; charset=utf-8,0.129,9b19cf37d8d634bf14819ec642cc8c9db0ffe2633dca57a990da1e4e7c7854d6,781ef38ab8a51f6a4a0e603d8ddf8c65a5c4f9e707db3fa25e31f0614b3eae9a,200,2021-06-02T02:08:35.879615,,
23836,text/plain; charset=utf-8,0.128,9b19cf37d8d634bf14819ec642cc8c9db0ffe2633dca57a990da1e4e7c7854d6,781ef38ab8a51f6a4a0e603d8ddf8c65a5c4f9e707db3fa25e31f0614b3eae9a,200,2021-06-03T01:46:39.158818,,
23836,text/plain; charset=utf-8,0.124,9b19cf37d8d634bf14819ec642cc8c9db0ffe2633dca57a990da1e4e7c7854d6,781ef38ab8a51f6a4a0e603d8ddf8c65a5c4f9e707db3fa25e31f0614b3eae9a,200,2021-06-04T01:29:41.279600,,
23836,text/plain; charset=utf-8,0.159,9b19cf37d8d634bf14819ec642cc8c9db0ffe2633dca57a990da1e4e7c7854d6,781ef38ab8a51f6a4a0e603d8ddf8c65a5c4f9e707db3fa25e31f0614b3eae9a,200,2021-06-05T01:10:00.562603,,
23836,text/plain; charset=utf-8,0.122,9b19cf37d8d634bf14819ec642cc8c9db0ffe2633dca57a990da1e4e7c7854d6,781ef38ab8a51f6a4a0e603d8ddf8c65a5c4f9e707db3fa25e31f0614b3eae9a,200,2021-06-06T01:03:13.461363,,
23836,text/plain; charset=utf-8,0.134,9b19cf37d8d634bf14819ec642cc8c9db0ffe2633dca57a990da1e4e7c7854d6,781ef38ab8a51f6a4a0e603d8ddf8c65a5c4f9e707db3fa25e31f0614b3eae9a,200,2021-06-07T01:03:36.111201,,
23836,text/plain; charset=utf-8,0.201,9b19cf37d8d634bf14819ec642cc8c9db0ffe2633dca57a990da1e4e7c7854d6,781ef38ab8a51f6a4a0e603d8ddf8c65a5c4f9e707db3fa25e31f0614b3eae9a,200,2021-06-08T01:02:10.610517,,
23836,text/plain; charset=utf-8,0.137,9b19cf37d8d634bf14819ec642cc8c9db0ffe2633dca57a990da1e4e7c7854d6,781ef38ab8a51f6a4a0e603d8ddf8c65a5c4f9e707db3fa25e31f0614b3eae9a,200,2021-06-09T00:43:55.779845,,
23836,text/plain; charset=utf-8,0.135,9b19cf37d8d634bf14819ec642cc8c9db0ffe2633dca57a990da1e4e7c7854d6,781ef38ab8a51f6a4a0e603d8ddf8c65a5c4f9e707db3fa25e31f0614b3eae9a,200,2021-06-10T00:41:38.501980,,
23836,text/plain; charset=utf-8,0.21,9b19cf37d8d634bf14819ec642cc8c9db0ffe2633dca57a990da1e4e7c7854d6,781ef38ab8a51f6a4a0e603d8ddf8c65a5c4f9e707db3fa25e31f0614b3eae9a,200,2021-06-11T00:39:04.834597,,
